Timestamp,User,Action,Status
12:00:00,User15,ViewPage,Success
12:00:01,User38,CloseApp,Completed
12:00:02,User36,ViewPage,Success
12:00:03,User19,Refresh,Success
12:00:04,User42,CloseApp,Success
12:00:05,User46,OpenSettings,OK
12:00:06,User45,ClickButton,OK
12:00:07,User3,SubmitForm,OK
12:00:08,User9,LoadDashboard,Completed
12:00:09,User1,SubmitForm,Completed
12:00:10,User6,ClickButton,Success
12:00:11,User45,SubmitForm,OK
12:00:12,User34,ViewPage,OK
12:00:13,User2,SubmitForm,Success
12:00:14,User29,ClickButton,Completed
12:00:15,User36,ClickButton,Success
12:00:16,User24,ViewPage,OK
12:00:17,User44,UpdateProfile,Completed
12:00:18,User15,ClickButton,Completed
12:00:19,User30,UpdateProfile,OK
12:00:20,User6,Refresh,Success
12:00:21,User14,SubmitForm,Completed
12:00:22,User33,SubmitForm,OK
12:00:23,User24,Logout,Completed
12:00:24,User40,CloseApp,OK
12:00:25,User14,CloseApp,OK
12:00:26,User40,Logout,OK
12:00:27,User2,UpdateProfile,OK
12:00:28,User5,ViewPage,Success
12:00:29,User1,SubmitForm,Completed
12:00:30,User38,LoadDashboard,Success
12:00:31,User13,ViewPage,Success
12:00:32,User2,Login,Completed
12:00:33,User46,UpdateProfile,Success
12:00:34,User49,ViewPage,OK
12:00:35,User37,Login,Completed
12:00:36,User49,LoadDashboard,OK
12:00:37,User29,Logout,OK
12:00:38,User49,SubmitForm,Completed
12:00:39,User15,Refresh,Completed
12:00:40,User11,Refresh,Success
12:00:41,User45,LoadDashboard,Success
12:00:42,User20,SubmitForm,OK
12:00:43,User11,ViewPage,OK
12:00:44,User39,Logout,Success
12:00:45,User34,ViewPage,OK
12:00:46,User11,ClickButton,Success
12:00:47,User49,OpenSettings,OK
12:00:48,User13,Login,Success
12:00:49,User29,Refresh,Completed
12:00:50,User21,CloseApp,OK
12:00:51,User48,ClickButton,Completed
12:00:52,User24,Refresh,Success
12:00:53,User28,UpdateProfile,OK
12:00:54,User16,ViewPage,Success
12:00:55,User49,UpdateProfile,OK
12:00:56,User21,SubmitForm,Completed
12:00:57,User31,SubmitForm,Success
12:00:58,User27,Login,Completed
12:00:59,User30,Login,Success
12:01:00,User3,UpdateProfile,Success
12:01:01,User9,Login,Completed
12:01:02,User37,CloseApp,OK
12:01:03,User1,Refresh,Success
12:01:04,User32,CloseApp,Completed
12:01:05,User12,OpenSettings,OK
12:01:06,User34,Refresh,Completed
12:01:07,User30,OpenSettings,OK
12:01:08,User24,LoadDashboard,Success
12:01:09,User43,Refresh,OK
12:01:10,User32,SubmitForm,Completed
12:01:11,User13,Logout,Completed
12:01:12,User21,SubmitForm,Success
12:01:13,User49,SubmitForm,OK
12:01:14,User29,Logout,Success
12:01:15,User45,LoadDashboard,Completed
12:01:16,User9,ClickButton,Success
12:01:17,User27,LoadDashboard,OK
12:01:18,User40,Logout,OK
12:01:19,User20,OpenSettings,OK
12:01:20,User3,ClickButton,Completed
12:01:21,User24,SubmitForm,Completed
12:01:22,User23,Refresh,OK
12:01:23,User28,Refresh,Completed
12:01:24,User23,UpdateProfile,Completed
12:01:25,User46,ViewPage,OK
12:01:26,User17,Login,Completed
12:01:27,User42,Login,Success
12:01:28,User11,LoadDashboard,Success
12:01:29,User49,UpdateProfile,Completed
12:01:30,User49,Logout,Completed
12:01:31,User6,ClickButton,Success
12:01:32,User18,Login,Completed
12:01:33,User7,CloseApp,Success
12:01:34,User38,ViewPage,Completed
12:01:35,User25,OpenSettings,Success
12:01:36,User32,Logout,OK
12:01:37,User29,Logout,Completed
12:01:38,User23,Logout,Completed
12:01:39,User12,ClickButton,Success
