Packet_Size,Protocol_Type,Info,Traffic_Type,Source_IP,Destination_IP
107,ICMP,VPN Tunnel,Normal,172.16.19.203,192.168.139.230
1013,TCP,File Transfer,Normal,172.16.33.126,192.168.27.220
992,UDP,Port Scan,Malicious,172.16.123.106,192.168.2.118
1079,TCP,VPN Tunnel,Normal,172.16.240.39,192.168.153.240
793,ICMP,User Login,Malicious,172.16.242.97,192.168.222.253
1380,TCP,User Login,Malicious,172.16.104.56,192.168.36.62
162,ICMP,DDoS SYN Flood,Malicious,172.16.83.251,192.168.4.130
283,TCP,Unauthorized Access,Normal,172.16.111.99,192.168.160.68
1162,TCP,VPN Tunnel,Normal,172.16.223.71,192.168.136.28
990,TCP,ARP Spoofing,Malicious,172.16.218.39,192.168.249.149
420,TCP,Web Request,Normal,172.16.100.208,192.168.164.86
1250,ICMP,Web Request,Normal,172.16.196.210,192.168.16.11
1272,TCP,Cloud Sync,Normal,172.16.210.189,192.168.235.143
317,ICMP,File Transfer,Normal,172.16.36.32,192.168.188.108
495,ICMP,Database Query,Normal,172.16.244.239,192.168.139.213
451,UDP,DDoS SYN Flood,Malicious,172.16.46.39,192.168.24.227
1437,UDP,Suspicious Payload,Malicious,172.16.252.69,192.168.54.122
393,TCP,API Request,Malicious,172.16.20.95,192.168.101.193
242,UDP,Port Scan,Malicious,172.16.3.41,192.168.87.71
909,ICMP,Botnet Traffic,Normal,172.16.201.249,192.168.254.175
79,ICMP,SQL Injection,Malicious,172.16.204.196,192.168.179.17
819,TCP,API Request,Normal,172.16.239.23,192.168.32.16
874,UDP,Email Transmission,Normal,172.16.104.100,192.168.242.1
113,UDP,Email Transmission,Normal,172.16.3.98,192.168.168.199
1281,TCP,Database Query,Malicious,172.16.187.159,192.168.69.155
303,TCP,Heartbeat Packet,Normal,172.16.127.17,192.168.120.3
573,TCP,DDoS SYN Flood,Malicious,172.16.129.110,192.168.87.88
448,ICMP,Data Exfiltration,Normal,172.16.213.3,192.168.237.159
595,TCP,Suspicious Payload,Normal,172.16.81.16,192.168.23.89
1213,ICMP,Unauthorized Access,Malicious,172.16.175.89,192.168.92.227
340,UDP,Web Request,Malicious,172.16.109.7,192.168.67.14
823,TCP,API Request,Malicious,172.16.55.64,192.168.19.140
1031,ICMP,Cloud Sync,Normal,172.16.13.138,192.168.85.168
1001,UDP,VPN Tunnel,Malicious,172.16.247.24,192.168.36.77
418,TCP,DNS Query,Normal,172.16.171.11,192.168.155.42
867,UDP,Database Query,Malicious,172.16.196.200,192.168.104.154
50,TCP,API Request,Malicious,172.16.233.125,192.168.71.16
106,TCP,Botnet Traffic,Normal,172.16.18.253,192.168.125.12
1108,UDP,Malware Command,Malicious,172.16.208.243,192.168.238.202
936,ICMP,Data Exfiltration,Malicious,172.16.193.130,192.168.44.198
1316,TCP,SQL Injection,Malicious,172.16.252.162,192.168.24.126
808,UDP,Email Transmission,Normal,172.16.50.48,192.168.194.236
1285,TCP,Heartbeat Packet,Normal,172.16.135.199,192.168.217.75
440,UDP,Heartbeat Packet,Normal,172.16.166.29,192.168.211.90
1109,TCP,Email Transmission,Malicious,172.16.99.247,192.168.151.47
1117,TCP,SQL Injection,Normal,172.16.149.73,192.168.146.126
955,TCP,Port Scan,Normal,172.16.119.36,192.168.197.84
1376,UDP,DNS Query,Normal,172.16.26.248,192.168.81.241
250,TCP,Database Query,Normal,172.16.64.172,192.168.68.170
603,UDP,DDoS SYN Flood,Malicious,172.16.45.130,192.168.41.148
473,ICMP,Web Request,Malicious,172.16.250.97,192.168.40.168
428,UDP,Email Transmission,Normal,172.16.107.4,192.168.161.12
645,ICMP,Suspicious Payload,Malicious,172.16.120.16,192.168.137.161
1458,UDP,VPN Tunnel,Malicious,172.16.172.79,192.168.98.38
1375,UDP,Unauthorized Access,Malicious,172.16.193.75,192.168.124.27
1149,UDP,Data Exfiltration,Malicious,172.16.194.153,192.168.181.129
1191,TCP,Unauthorized Access,Normal,172.16.52.146,192.168.77.71
1268,TCP,Port Scan,Normal,172.16.221.28,192.168.249.62
994,UDP,DDoS SYN Flood,Malicious,172.16.57.9,192.168.91.238
213,ICMP,User Login,Normal,172.16.232.59,192.168.154.197
96,UDP,Database Query,Normal,172.16.184.43,192.168.36.107
1361,TCP,Malware Command,Malicious,172.16.152.47,192.168.16.99
926,UDP,Botnet Traffic,Malicious,172.16.45.133,192.168.101.172
1286,UDP,Database Query,Normal,172.16.46.33,192.168.30.248
1270,UDP,Malware Command,Malicious,172.16.132.24,192.168.79.183
671,UDP,VPN Tunnel,Malicious,172.16.176.23,192.168.141.210
1165,UDP,User Login,Normal,172.16.163.248,192.168.252.41
1128,ICMP,Database Query,Malicious,172.16.48.22,192.168.193.25
674,UDP,VPN Tunnel,Normal,172.16.84.82,192.168.123.183
149,UDP,Email Transmission,Malicious,172.16.251.243,192.168.221.169
641,TCP,Data Exfiltration,Normal,172.16.88.70,192.168.227.10
103,UDP,ARP Spoofing,Normal,172.16.227.233,192.168.155.198
319,ICMP,Port Scan,Malicious,172.16.231.159,192.168.25.226
974,UDP,SQL Injection,Normal,172.16.122.97,192.168.190.126
101,ICMP,Suspicious Payload,Normal,172.16.223.115,192.168.17.181
188,ICMP,Web Request,Malicious,172.16.111.45,192.168.68.184
812,ICMP,Malware Command,Normal,172.16.191.250,192.168.111.39
1303,ICMP,Botnet Traffic,Malicious,172.16.35.66,192.168.163.70
1359,TCP,VPN Tunnel,Malicious,172.16.190.8,192.168.31.48
1094,ICMP,Database Query,Normal,172.16.6.40,192.168.222.1
512,TCP,DDoS SYN Flood,Normal,172.16.124.120,192.168.153.90
1467,TCP,File Transfer,Normal,172.16.167.198,192.168.136.116
571,ICMP,Cloud Sync,Normal,172.16.143.140,192.168.106.63
733,ICMP,DDoS SYN Flood,Malicious,172.16.75.127,192.168.251.170
717,TCP,Malware Command,Malicious,172.16.35.120,192.168.173.83
1085,ICMP,API Request,Malicious,172.16.23.239,192.168.224.47
702,UDP,User Login,Normal,172.16.48.3,192.168.72.173
306,ICMP,Botnet Traffic,Malicious,172.16.189.3,192.168.98.86
1089,ICMP,Cloud Sync,Malicious,172.16.140.254,192.168.144.58
1337,ICMP,File Transfer,Malicious,172.16.84.28,192.168.152.77
66,TCP,Brute Force Login,Malicious,172.16.214.147,192.168.156.83
601,TCP,Suspicious Payload,Malicious,172.16.21.249,192.168.141.28
452,UDP,User Login,Malicious,172.16.45.121,192.168.141.121
209,UDP,User Login,Normal,172.16.116.186,192.168.7.173
1360,UDP,Suspicious Payload,Malicious,172.16.121.39,192.168.134.224
620,TCP,DDoS SYN Flood,Normal,172.16.42.236,192.168.104.243
162,UDP,SQL Injection,Normal,172.16.54.237,192.168.74.175
199,UDP,Data Exfiltration,Normal,172.16.117.237,192.168.114.253
263,UDP,Brute Force Login,Normal,172.16.144.145,192.168.247.75
102,ICMP,DDoS SYN Flood,Normal,172.16.174.225,192.168.20.167
453,TCP,DNS Query,Malicious,172.16.163.3,192.168.232.244
854,UDP,Data Exfiltration,Normal,172.16.79.241,192.168.143.61
333,TCP,Cloud Sync,Normal,172.16.79.31,192.168.109.36
1050,ICMP,Heartbeat Packet,Malicious,172.16.228.84,192.168.71.56
445,ICMP,Email Transmission,Normal,172.16.31.228,192.168.47.73
733,TCP,ARP Spoofing,Malicious,172.16.108.53,192.168.154.71
587,UDP,Data Exfiltration,Malicious,172.16.163.68,192.168.83.151
130,UDP,DDoS SYN Flood,Normal,172.16.5.123,192.168.81.118
1045,ICMP,Web Request,Malicious,172.16.129.155,192.168.227.222
735,ICMP,SQL Injection,Malicious,172.16.214.172,192.168.192.125
1007,UDP,ARP Spoofing,Malicious,172.16.245.205,192.168.243.97
821,TCP,Botnet Traffic,Normal,172.16.128.196,192.168.177.48
166,ICMP,Database Query,Malicious,172.16.168.240,192.168.52.103
592,UDP,Cloud Sync,Malicious,172.16.213.224,192.168.50.129
737,TCP,Botnet Traffic,Normal,172.16.74.115,192.168.120.47
1023,UDP,DNS Query,Malicious,172.16.105.36,192.168.48.212
1222,ICMP,SQL Injection,Malicious,172.16.102.165,192.168.28.229
721,UDP,Suspicious Payload,Malicious,172.16.173.23,192.168.218.151
1113,UDP,DNS Query,Malicious,172.16.69.141,192.168.115.62
267,ICMP,User Login,Malicious,172.16.171.70,192.168.60.14
918,TCP,SQL Injection,Malicious,172.16.122.14,192.168.58.176
1123,UDP,VPN Tunnel,Normal,172.16.201.93,192.168.136.250
1284,ICMP,Unauthorized Access,Normal,172.16.185.35,192.168.20.141
1087,TCP,DDoS SYN Flood,Normal,172.16.164.105,192.168.91.73
175,TCP,DNS Query,Normal,172.16.181.186,192.168.73.11
527,ICMP,Cloud Sync,Normal,172.16.149.243,192.168.99.44
855,TCP,Malware Command,Normal,172.16.148.113,192.168.78.5
458,ICMP,Botnet Traffic,Malicious,172.16.88.51,192.168.157.125
1177,TCP,Web Request,Normal,172.16.61.44,192.168.128.13
1173,TCP,Unauthorized Access,Normal,172.16.30.132,192.168.247.162
499,UDP,User Login,Malicious,172.16.123.111,192.168.71.76
548,TCP,Web Request,Normal,172.16.98.127,192.168.229.97
86,ICMP,File Transfer,Malicious,172.16.117.106,192.168.139.174
1427,ICMP,ARP Spoofing,Normal,172.16.144.216,192.168.188.181
1253,ICMP,Data Exfiltration,Normal,172.16.87.168,192.168.108.218
152,TCP,Database Query,Normal,172.16.235.253,192.168.86.28
204,UDP,Web Request,Malicious,172.16.75.135,192.168.5.204
1042,UDP,DDoS SYN Flood,Malicious,172.16.192.204,192.168.155.122
636,UDP,File Transfer,Normal,172.16.43.45,192.168.153.233
760,TCP,Botnet Traffic,Malicious,172.16.133.185,192.168.60.203
128,TCP,File Transfer,Normal,172.16.195.152,192.168.149.154
1446,TCP,Port Scan,Malicious,172.16.145.196,192.168.90.228
746,ICMP,ARP Spoofing,Malicious,172.16.130.229,192.168.162.188
698,UDP,Malware Command,Normal,172.16.112.37,192.168.189.134
90,ICMP,API Request,Normal,172.16.104.203,192.168.10.224
598,ICMP,Unauthorized Access,Malicious,172.16.179.236,192.168.30.154
1181,UDP,Email Transmission,Normal,172.16.9.100,192.168.97.95
997,ICMP,Botnet Traffic,Malicious,172.16.203.14,192.168.86.16
1019,TCP,Database Query,Malicious,172.16.5.226,192.168.180.165
628,UDP,API Request,Normal,172.16.36.16,192.168.83.124
701,UDP,User Login,Malicious,172.16.22.178,192.168.19.23
768,UDP,VPN Tunnel,Malicious,172.16.217.198,192.168.182.245
877,ICMP,Data Exfiltration,Normal,172.16.225.221,192.168.182.241
537,ICMP,VPN Tunnel,Normal,172.16.156.90,192.168.32.148
1119,UDP,File Transfer,Malicious,172.16.232.252,192.168.129.28
961,TCP,Malware Command,Normal,172.16.142.110,192.168.150.16
850,TCP,VPN Tunnel,Normal,172.16.11.200,192.168.142.33
735,ICMP,Database Query,Normal,172.16.67.121,192.168.200.172
1297,ICMP,Unauthorized Access,Malicious,172.16.73.53,192.168.147.10
716,UDP,Unauthorized Access,Malicious,172.16.91.51,192.168.111.126
318,TCP,SQL Injection,Normal,172.16.222.24,192.168.108.71
707,TCP,Brute Force Login,Normal,172.16.111.113,192.168.26.19
692,UDP,DNS Query,Normal,172.16.155.201,192.168.103.103
600,TCP,Web Request,Normal,172.16.85.142,192.168.56.211
1227,TCP,Database Query,Normal,172.16.90.90,192.168.252.29
1341,UDP,VPN Tunnel,Malicious,172.16.106.224,192.168.53.191
594,UDP,Email Transmission,Malicious,172.16.250.195,192.168.44.119
210,UDP,Suspicious Payload,Malicious,172.16.168.118,192.168.192.237
748,TCP,Email Transmission,Malicious,172.16.102.197,192.168.103.77
1344,TCP,ARP Spoofing,Malicious,172.16.237.198,192.168.58.154
1224,UDP,Malware Command,Malicious,172.16.51.92,192.168.59.207
1018,TCP,Web Request,Normal,172.16.46.83,192.168.182.153
1261,TCP,API Request,Normal,172.16.225.47,192.168.188.14
1445,ICMP,VPN Tunnel,Malicious,172.16.192.118,192.168.246.28
1335,TCP,Database Query,Malicious,172.16.71.138,192.168.148.73
691,ICMP,Botnet Traffic,Normal,172.16.177.148,192.168.46.235
737,ICMP,API Request,Malicious,172.16.253.157,192.168.24.202
86,TCP,Brute Force Login,Normal,172.16.180.93,192.168.65.111
887,UDP,Data Exfiltration,Malicious,172.16.12.155,192.168.27.134
768,TCP,Data Exfiltration,Malicious,172.16.41.75,192.168.135.83
198,UDP,Port Scan,Malicious,172.16.122.166,192.168.250.136
709,ICMP,Database Query,Normal,172.16.83.195,192.168.169.121
760,ICMP,DDoS SYN Flood,Malicious,172.16.88.54,192.168.109.120
1060,UDP,DDoS SYN Flood,Malicious,172.16.8.139,192.168.247.10
283,TCP,Cloud Sync,Malicious,172.16.179.116,192.168.58.217
223,UDP,Heartbeat Packet,Malicious,172.16.176.202,192.168.111.64
1337,ICMP,Email Transmission,Normal,172.16.147.185,192.168.68.232
817,UDP,Email Transmission,Normal,172.16.75.107,192.168.132.190
1089,UDP,Email Transmission,Normal,172.16.93.159,192.168.189.76
121,TCP,File Transfer,Normal,172.16.175.233,192.168.115.226
489,TCP,Malware Command,Normal,172.16.47.112,192.168.155.205
1361,ICMP,Cloud Sync,Normal,172.16.181.100,192.168.169.136
932,UDP,Brute Force Login,Normal,172.16.237.158,192.168.67.166
1313,ICMP,DNS Query,Malicious,172.16.86.121,192.168.156.226
386,ICMP,Email Transmission,Malicious,172.16.99.150,192.168.245.44
750,UDP,SQL Injection,Malicious,172.16.118.3,192.168.213.3
885,ICMP,ARP Spoofing,Normal,172.16.170.174,192.168.242.66
192,ICMP,Data Exfiltration,Normal,172.16.100.107,192.168.160.85
1116,UDP,Botnet Traffic,Normal,172.16.181.247,192.168.43.42
577,TCP,ARP Spoofing,Malicious,172.16.149.92,192.168.199.223
1121,UDP,DDoS SYN Flood,Normal,172.16.247.233,192.168.35.35
706,ICMP,Unauthorized Access,Normal,172.16.80.242,192.168.71.142
238,ICMP,Malware Command,Normal,172.16.21.245,192.168.237.97
785,TCP,User Login,Normal,172.16.246.158,192.168.169.32
1483,ICMP,User Login,Malicious,172.16.206.179,192.168.165.144
327,TCP,Web Request,Malicious,172.16.47.182,192.168.145.13
1264,TCP,Cloud Sync,Malicious,172.16.29.71,192.168.171.135
569,UDP,Suspicious Payload,Malicious,172.16.97.38,192.168.91.150
107,TCP,SQL Injection,Malicious,172.16.48.79,192.168.169.208
1187,ICMP,Web Request,Normal,172.16.247.127,192.168.161.162
97,ICMP,DNS Query,Normal,172.16.35.151,192.168.33.31
56,ICMP,User Login,Malicious,172.16.3.231,192.168.170.210
249,TCP,VPN Tunnel,Malicious,172.16.37.141,192.168.242.97
1326,ICMP,Cloud Sync,Malicious,172.16.202.170,192.168.1.248
947,TCP,Botnet Traffic,Malicious,172.16.161.46,192.168.221.188
619,UDP,ARP Spoofing,Malicious,172.16.116.72,192.168.154.178
150,UDP,SQL Injection,Malicious,172.16.213.126,192.168.20.80
1266,UDP,API Request,Normal,172.16.219.213,192.168.43.105
896,TCP,Brute Force Login,Normal,172.16.107.57,192.168.228.141
997,UDP,DDoS SYN Flood,Normal,172.16.77.208,192.168.38.160
1416,UDP,Port Scan,Malicious,172.16.125.108,192.168.135.231
1148,TCP,Database Query,Normal,172.16.82.221,192.168.218.204
158,ICMP,File Transfer,Malicious,172.16.17.89,192.168.172.43
788,ICMP,User Login,Malicious,172.16.128.147,192.168.80.81
1395,UDP,Database Query,Normal,172.16.73.138,192.168.36.161
1349,UDP,Data Exfiltration,Malicious,172.16.250.120,192.168.158.95
299,UDP,Data Exfiltration,Malicious,172.16.176.120,192.168.19.20
1103,ICMP,Email Transmission,Normal,172.16.222.82,192.168.98.166
1370,UDP,DDoS SYN Flood,Malicious,172.16.19.144,192.168.77.4
557,ICMP,User Login,Normal,172.16.48.198,192.168.237.61
597,ICMP,DDoS SYN Flood,Normal,172.16.22.204,192.168.89.9
1096,ICMP,SQL Injection,Normal,172.16.114.214,192.168.226.175
1356,TCP,DDoS SYN Flood,Malicious,172.16.7.44,192.168.60.150
1098,ICMP,DNS Query,Normal,172.16.46.24,192.168.153.85
517,UDP,Port Scan,Malicious,172.16.222.110,192.168.253.198
359,TCP,Cloud Sync,Malicious,172.16.176.11,192.168.181.185
745,ICMP,Email Transmission,Malicious,172.16.223.80,192.168.152.142
1060,TCP,File Transfer,Malicious,172.16.228.66,192.168.107.79
229,UDP,User Login,Normal,172.16.13.204,192.168.124.18
888,UDP,Email Transmission,Normal,172.16.53.159,192.168.126.47
137,TCP,Email Transmission,Malicious,172.16.101.136,192.168.192.193
1260,ICMP,Web Request,Malicious,172.16.231.37,192.168.109.242
1220,ICMP,DDoS SYN Flood,Malicious,172.16.200.47,192.168.199.82
83,TCP,Data Exfiltration,Malicious,172.16.237.128,192.168.108.159
944,UDP,Brute Force Login,Malicious,172.16.197.163,192.168.171.177
891,TCP,SQL Injection,Malicious,172.16.169.133,192.168.86.81
336,ICMP,Email Transmission,Malicious,172.16.29.135,192.168.243.151
214,TCP,Email Transmission,Normal,172.16.169.164,192.168.173.6
367,ICMP,Cloud Sync,Malicious,172.16.96.110,192.168.147.131
543,TCP,Data Exfiltration,Malicious,172.16.72.127,192.168.150.180
1278,ICMP,Brute Force Login,Malicious,172.16.226.60,192.168.183.71
1433,UDP,ARP Spoofing,Malicious,172.16.142.210,192.168.198.32
1087,TCP,Heartbeat Packet,Malicious,172.16.176.225,192.168.70.66
1194,ICMP,Web Request,Normal,172.16.151.254,192.168.182.161
218,ICMP,File Transfer,Normal,172.16.201.185,192.168.109.42
1356,TCP,Database Query,Malicious,172.16.146.4,192.168.123.12
560,TCP,Cloud Sync,Malicious,172.16.218.252,192.168.110.104
64,UDP,File Transfer,Normal,172.16.252.223,192.168.179.3
1146,ICMP,DNS Query,Normal,172.16.154.151,192.168.220.159
569,ICMP,Web Request,Normal,172.16.122.199,192.168.24.126
136,ICMP,Database Query,Normal,172.16.34.83,192.168.215.130
1096,TCP,Unauthorized Access,Malicious,172.16.83.109,192.168.168.250
639,TCP,User Login,Normal,172.16.154.78,192.168.254.68
440,UDP,Malware Command,Normal,172.16.223.69,192.168.108.116
1031,ICMP,Cloud Sync,Malicious,172.16.125.23,192.168.235.208
932,ICMP,API Request,Malicious,172.16.109.105,192.168.133.1
1329,TCP,User Login,Malicious,172.16.115.56,192.168.188.87
1476,TCP,Email Transmission,Normal,172.16.195.173,192.168.13.235
1106,UDP,Web Request,Normal,172.16.140.23,192.168.33.245
925,ICMP,Database Query,Malicious,172.16.120.132,192.168.218.110
1387,UDP,DNS Query,Normal,172.16.99.206,192.168.223.181
1114,ICMP,Data Exfiltration,Malicious,172.16.4.119,192.168.74.168
592,TCP,API Request,Normal,172.16.27.198,192.168.114.141
1331,TCP,Botnet Traffic,Malicious,172.16.19.168,192.168.195.174
764,UDP,DNS Query,Normal,172.16.25.244,192.168.225.159
897,ICMP,Unauthorized Access,Normal,172.16.16.245,192.168.80.74
222,UDP,Web Request,Normal,172.16.51.159,192.168.211.29
280,ICMP,ARP Spoofing,Normal,172.16.181.32,192.168.90.141
340,UDP,Data Exfiltration,Normal,172.16.91.232,192.168.69.210
653,UDP,User Login,Malicious,172.16.188.75,192.168.68.79
285,TCP,Database Query,Normal,172.16.4.69,192.168.203.243
478,UDP,Port Scan,Malicious,172.16.80.84,192.168.119.254
1186,ICMP,DNS Query,Malicious,172.16.51.68,192.168.202.172
1143,TCP,Port Scan,Normal,172.16.153.157,192.168.163.15
1417,TCP,DNS Query,Malicious,172.16.66.122,192.168.21.194
110,ICMP,Malware Command,Normal,172.16.238.30,192.168.247.15
776,UDP,Unauthorized Access,Malicious,172.16.40.42,192.168.219.11
807,TCP,Botnet Traffic,Malicious,172.16.68.233,192.168.111.151
1473,ICMP,SQL Injection,Normal,172.16.150.43,192.168.179.28
369,TCP,SQL Injection,Malicious,172.16.4.240,192.168.139.111
300,ICMP,Botnet Traffic,Normal,172.16.253.207,192.168.221.83
1158,ICMP,Unauthorized Access,Malicious,172.16.222.234,192.168.185.195
1434,TCP,Data Exfiltration,Normal,172.16.115.95,192.168.111.245
430,TCP,Suspicious Payload,Normal,172.16.44.13,192.168.16.252
715,TCP,ARP Spoofing,Malicious,172.16.64.8,192.168.95.150
75,UDP,Heartbeat Packet,Malicious,172.16.33.80,192.168.243.224
545,UDP,Suspicious Payload,Normal,172.16.90.31,192.168.78.48
1007,ICMP,ARP Spoofing,Normal,172.16.22.120,192.168.94.7
1230,ICMP,Suspicious Payload,Malicious,172.16.189.114,192.168.115.106
576,UDP,Port Scan,Malicious,172.16.182.246,192.168.28.124
749,ICMP,Web Request,Normal,172.16.72.221,192.168.26.27
748,ICMP,File Transfer,Normal,172.16.52.155,192.168.112.177
230,TCP,Malware Command,Normal,172.16.239.228,192.168.188.29
822,ICMP,Botnet Traffic,Malicious,172.16.22.158,192.168.33.61
1034,ICMP,Brute Force Login,Normal,172.16.79.99,192.168.38.48
1323,TCP,VPN Tunnel,Normal,172.16.139.114,192.168.79.151
474,UDP,File Transfer,Normal,172.16.95.141,192.168.30.55
429,UDP,Cloud Sync,Malicious,172.16.115.164,192.168.73.237
1428,TCP,API Request,Normal,172.16.252.184,192.168.116.115
488,UDP,DNS Query,Malicious,172.16.112.209,192.168.89.91
187,UDP,Botnet Traffic,Normal,172.16.114.71,192.168.47.60
1363,ICMP,API Request,Malicious,172.16.56.153,192.168.134.15
1171,ICMP,Heartbeat Packet,Normal,172.16.14.105,192.168.243.241
317,ICMP,API Request,Normal,172.16.19.51,192.168.90.199
1189,UDP,Suspicious Payload,Malicious,172.16.29.225,192.168.119.99
346,TCP,VPN Tunnel,Normal,172.16.230.67,192.168.72.172
1296,ICMP,ARP Spoofing,Malicious,172.16.9.43,192.168.34.43
1397,TCP,Botnet Traffic,Malicious,172.16.247.179,192.168.80.106
1453,TCP,Data Exfiltration,Normal,172.16.31.131,192.168.204.79
165,ICMP,Web Request,Normal,172.16.237.168,192.168.122.202
618,TCP,Port Scan,Malicious,172.16.194.8,192.168.139.34
1126,UDP,SQL Injection,Malicious,172.16.154.242,192.168.247.220
1097,TCP,Botnet Traffic,Malicious,172.16.131.102,192.168.162.68
990,TCP,Email Transmission,Malicious,172.16.83.126,192.168.17.119
1082,TCP,Database Query,Normal,172.16.143.3,192.168.82.226
1227,UDP,Port Scan,Malicious,172.16.66.120,192.168.160.129
1402,TCP,Port Scan,Normal,172.16.230.8,192.168.109.45
776,TCP,Botnet Traffic,Normal,172.16.9.22,192.168.21.25
1018,ICMP,Database Query,Normal,172.16.57.87,192.168.7.65
1466,UDP,Web Request,Malicious,172.16.123.2,192.168.177.205
1211,ICMP,Cloud Sync,Normal,172.16.128.108,192.168.114.163
95,ICMP,ARP Spoofing,Normal,172.16.178.9,192.168.47.81
609,ICMP,SQL Injection,Malicious,172.16.112.166,192.168.127.209
208,UDP,ARP Spoofing,Normal,172.16.181.113,192.168.45.117
1308,ICMP,SQL Injection,Normal,172.16.64.59,192.168.92.66
342,TCP,Port Scan,Malicious,172.16.56.172,192.168.55.111
478,TCP,Heartbeat Packet,Malicious,172.16.63.252,192.168.249.211
1388,ICMP,Cloud Sync,Normal,172.16.175.189,192.168.10.155
1224,UDP,Data Exfiltration,Malicious,172.16.118.81,192.168.74.112
1212,TCP,Suspicious Payload,Malicious,172.16.185.227,192.168.195.217
112,UDP,Heartbeat Packet,Normal,172.16.73.38,192.168.179.79
913,UDP,Data Exfiltration,Malicious,172.16.41.205,192.168.51.174
855,TCP,User Login,Normal,172.16.135.170,192.168.58.224
1051,ICMP,API Request,Malicious,172.16.31.93,192.168.172.114
1087,UDP,Cloud Sync,Normal,172.16.210.205,192.168.167.26
743,ICMP,ARP Spoofing,Malicious,172.16.254.217,192.168.58.221
469,TCP,Email Transmission,Malicious,172.16.157.122,192.168.124.107
283,ICMP,Database Query,Normal,172.16.3.156,192.168.208.63
827,TCP,Suspicious Payload,Malicious,172.16.1.243,192.168.9.129
1285,UDP,API Request,Malicious,172.16.244.174,192.168.214.15
1070,ICMP,Port Scan,Malicious,172.16.185.209,192.168.39.102
466,ICMP,Data Exfiltration,Malicious,172.16.112.231,192.168.188.9
754,UDP,Suspicious Payload,Malicious,172.16.136.120,192.168.205.180
405,UDP,SQL Injection,Malicious,172.16.84.33,192.168.98.199
1234,ICMP,Email Transmission,Malicious,172.16.44.115,192.168.43.113
463,ICMP,SQL Injection,Malicious,172.16.62.152,192.168.164.64
251,ICMP,Heartbeat Packet,Malicious,172.16.234.49,192.168.147.222
287,TCP,Database Query,Malicious,172.16.129.207,192.168.153.17
346,TCP,Port Scan,Normal,172.16.135.91,192.168.108.238
553,UDP,Suspicious Payload,Malicious,172.16.90.25,192.168.170.129
234,TCP,SQL Injection,Malicious,172.16.108.120,192.168.249.20
172,UDP,Brute Force Login,Malicious,172.16.49.205,192.168.177.38
1222,UDP,API Request,Malicious,172.16.176.159,192.168.49.60
1048,TCP,Data Exfiltration,Normal,172.16.155.117,192.168.175.54
490,ICMP,Heartbeat Packet,Malicious,172.16.184.208,192.168.107.55
1352,UDP,Malware Command,Normal,172.16.191.253,192.168.102.97
1227,TCP,File Transfer,Normal,172.16.234.227,192.168.233.190
201,ICMP,DNS Query,Normal,172.16.11.207,192.168.40.205
341,TCP,Unauthorized Access,Malicious,172.16.2.158,192.168.164.118
1198,TCP,Email Transmission,Malicious,172.16.26.236,192.168.125.218
1261,ICMP,Unauthorized Access,Malicious,172.16.29.239,192.168.242.193
564,UDP,ARP Spoofing,Malicious,172.16.227.247,192.168.51.119
139,UDP,Web Request,Malicious,172.16.210.17,192.168.152.230
134,ICMP,VPN Tunnel,Normal,172.16.182.144,192.168.237.134
366,ICMP,Unauthorized Access,Normal,172.16.215.220,192.168.22.36
1059,UDP,Web Request,Normal,172.16.153.114,192.168.84.91
57,ICMP,Heartbeat Packet,Malicious,172.16.180.163,192.168.202.238
1005,UDP,Web Request,Malicious,172.16.29.179,192.168.165.102
879,TCP,API Request,Normal,172.16.108.237,192.168.131.149
278,TCP,Cloud Sync,Malicious,172.16.3.213,192.168.216.244
778,TCP,VPN Tunnel,Normal,172.16.232.214,192.168.90.196
115,UDP,Port Scan,Normal,172.16.175.116,192.168.228.216
1119,ICMP,SQL Injection,Normal,172.16.155.214,192.168.107.159
946,ICMP,VPN Tunnel,Normal,172.16.12.85,192.168.126.115
140,ICMP,Web Request,Normal,172.16.173.223,192.168.253.67
528,TCP,VPN Tunnel,Malicious,172.16.115.214,192.168.13.29
406,UDP,Port Scan,Malicious,172.16.222.3,192.168.16.73
888,TCP,User Login,Normal,172.16.29.169,192.168.108.24
810,TCP,Malware Command,Normal,172.16.142.242,192.168.17.66
395,ICMP,Data Exfiltration,Malicious,172.16.111.126,192.168.29.156
439,UDP,Unauthorized Access,Normal,172.16.153.254,192.168.232.12
440,TCP,Malware Command,Malicious,172.16.15.23,192.168.189.83
696,TCP,Port Scan,Malicious,172.16.147.93,192.168.55.205
467,UDP,File Transfer,Malicious,172.16.250.5,192.168.118.121
410,ICMP,DDoS SYN Flood,Normal,172.16.203.206,192.168.216.188
626,TCP,ARP Spoofing,Malicious,172.16.52.101,192.168.181.47
1307,TCP,DDoS SYN Flood,Malicious,172.16.99.146,192.168.140.113
132,ICMP,User Login,Normal,172.16.122.252,192.168.119.37
598,UDP,Heartbeat Packet,Malicious,172.16.170.16,192.168.250.157
119,ICMP,Database Query,Normal,172.16.67.46,192.168.124.67
920,TCP,Malware Command,Malicious,172.16.193.59,192.168.121.91
1479,UDP,Unauthorized Access,Normal,172.16.11.151,192.168.31.93
411,UDP,Botnet Traffic,Normal,172.16.158.100,192.168.114.197
801,UDP,SQL Injection,Normal,172.16.30.12,192.168.77.120
161,TCP,Malware Command,Malicious,172.16.209.215,192.168.41.1
781,UDP,DDoS SYN Flood,Malicious,172.16.54.72,192.168.78.98
297,UDP,API Request,Normal,172.16.130.39,192.168.168.26
1135,TCP,User Login,Normal,172.16.205.37,192.168.151.169
700,TCP,User Login,Malicious,172.16.54.118,192.168.189.90
931,ICMP,User Login,Malicious,172.16.43.64,192.168.83.227
525,ICMP,File Transfer,Malicious,172.16.244.106,192.168.64.153
1174,ICMP,Botnet Traffic,Normal,172.16.94.213,192.168.47.239
1031,ICMP,DNS Query,Malicious,172.16.132.144,192.168.216.218
1269,UDP,User Login,Malicious,172.16.101.59,192.168.202.6
1278,TCP,Port Scan,Malicious,172.16.50.93,192.168.218.254
774,ICMP,SQL Injection,Malicious,172.16.55.56,192.168.174.134
1372,ICMP,Heartbeat Packet,Normal,172.16.88.120,192.168.147.52
459,UDP,Data Exfiltration,Normal,172.16.188.220,192.168.244.252
144,TCP,Data Exfiltration,Malicious,172.16.205.45,192.168.83.200
427,TCP,VPN Tunnel,Malicious,172.16.141.92,192.168.139.137
922,TCP,API Request,Normal,172.16.62.163,192.168.191.91
798,TCP,Suspicious Payload,Normal,172.16.14.68,192.168.206.19
1150,UDP,Botnet Traffic,Normal,172.16.22.94,192.168.188.57
317,UDP,Cloud Sync,Malicious,172.16.30.251,192.168.63.205
413,UDP,SQL Injection,Malicious,172.16.244.3,192.168.218.121
113,UDP,ARP Spoofing,Malicious,172.16.110.25,192.168.12.175
734,ICMP,Cloud Sync,Normal,172.16.105.221,192.168.168.133
162,ICMP,Heartbeat Packet,Normal,172.16.137.136,192.168.227.127
1021,TCP,Brute Force Login,Normal,172.16.95.30,192.168.180.25
1337,TCP,Brute Force Login,Normal,172.16.1.6,192.168.228.111
360,ICMP,User Login,Malicious,172.16.63.13,192.168.192.108
774,TCP,Malware Command,Malicious,172.16.162.86,192.168.44.189
905,ICMP,Email Transmission,Malicious,172.16.203.81,192.168.186.135
415,ICMP,Suspicious Payload,Malicious,172.16.19.135,192.168.152.65
1157,UDP,File Transfer,Malicious,172.16.189.42,192.168.237.191
1191,TCP,Data Exfiltration,Malicious,172.16.139.42,192.168.63.160
1138,TCP,Heartbeat Packet,Malicious,172.16.76.43,192.168.113.144
666,ICMP,Botnet Traffic,Normal,172.16.224.14,192.168.126.134
501,TCP,Web Request,Normal,172.16.121.201,192.168.138.43
1158,ICMP,Web Request,Normal,172.16.81.37,192.168.124.169
123,TCP,Email Transmission,Normal,172.16.69.168,192.168.251.35
715,TCP,Port Scan,Malicious,172.16.200.235,192.168.80.12
730,ICMP,User Login,Malicious,172.16.179.173,192.168.50.240
965,ICMP,Email Transmission,Normal,172.16.141.152,192.168.128.206
225,TCP,Malware Command,Normal,172.16.213.134,192.168.182.20
1469,ICMP,Data Exfiltration,Normal,172.16.77.230,192.168.128.145
1323,UDP,Unauthorized Access,Malicious,172.16.143.60,192.168.183.42
1475,TCP,DDoS SYN Flood,Malicious,172.16.70.27,192.168.244.148
1361,UDP,Malware Command,Normal,172.16.115.69,192.168.5.39
1416,ICMP,Email Transmission,Malicious,172.16.245.122,192.168.237.76
878,TCP,Unauthorized Access,Malicious,172.16.236.15,192.168.131.35
588,UDP,Database Query,Malicious,172.16.6.166,192.168.23.250
344,TCP,API Request,Malicious,172.16.199.85,192.168.11.79
887,TCP,Data Exfiltration,Normal,172.16.25.216,192.168.177.186
432,ICMP,Suspicious Payload,Normal,172.16.184.18,192.168.247.101
1266,UDP,Web Request,Malicious,172.16.123.181,192.168.226.63
1035,ICMP,User Login,Normal,172.16.109.126,192.168.5.241
139,ICMP,Botnet Traffic,Malicious,172.16.102.47,192.168.29.230
536,TCP,File Transfer,Malicious,172.16.133.212,192.168.33.238
620,UDP,DDoS SYN Flood,Malicious,172.16.147.224,192.168.194.186
555,ICMP,Cloud Sync,Normal,172.16.252.176,192.168.216.70
723,ICMP,DDoS SYN Flood,Malicious,172.16.244.231,192.168.229.209
419,UDP,Brute Force Login,Malicious,172.16.138.5,192.168.18.85
701,TCP,File Transfer,Malicious,172.16.60.161,192.168.245.99
382,ICMP,Web Request,Malicious,172.16.232.172,192.168.242.38
717,UDP,Cloud Sync,Normal,172.16.50.115,192.168.179.55
155,TCP,Email Transmission,Normal,172.16.218.170,192.168.220.25
1321,ICMP,User Login,Normal,172.16.209.5,192.168.55.246
1433,ICMP,Brute Force Login,Malicious,172.16.17.44,192.168.222.121
892,ICMP,User Login,Normal,172.16.70.53,192.168.171.27
75,ICMP,Brute Force Login,Normal,172.16.71.228,192.168.223.117
1195,ICMP,VPN Tunnel,Malicious,172.16.223.124,192.168.148.232
721,TCP,Heartbeat Packet,Normal,172.16.102.29,192.168.130.82
1019,UDP,DDoS SYN Flood,Malicious,172.16.226.161,192.168.10.189
150,ICMP,File Transfer,Normal,172.16.61.16,192.168.241.202
139,TCP,Data Exfiltration,Normal,172.16.42.122,192.168.212.254
1340,ICMP,Suspicious Payload,Malicious,172.16.108.157,192.168.68.61
1164,TCP,Web Request,Normal,172.16.132.8,192.168.60.44
1024,UDP,Botnet Traffic,Malicious,172.16.53.241,192.168.87.244
116,UDP,Suspicious Payload,Malicious,172.16.58.53,192.168.99.105
806,ICMP,API Request,Malicious,172.16.97.239,192.168.98.191
1096,ICMP,Cloud Sync,Malicious,172.16.112.138,192.168.213.77
618,ICMP,Cloud Sync,Malicious,172.16.68.38,192.168.104.241
1214,UDP,VPN Tunnel,Malicious,172.16.1.159,192.168.47.90
787,UDP,VPN Tunnel,Malicious,172.16.22.227,192.168.229.233
369,TCP,Malware Command,Normal,172.16.76.101,192.168.147.227
1216,UDP,File Transfer,Malicious,172.16.229.57,192.168.235.121
631,UDP,ARP Spoofing,Normal,172.16.71.60,192.168.89.210
765,UDP,User Login,Normal,172.16.190.29,192.168.189.159
198,ICMP,Brute Force Login,Normal,172.16.19.190,192.168.230.140
437,ICMP,Data Exfiltration,Malicious,172.16.116.212,192.168.49.71
607,TCP,Brute Force Login,Normal,172.16.89.126,192.168.69.230
692,ICMP,File Transfer,Malicious,172.16.169.166,192.168.5.190
344,TCP,Data Exfiltration,Malicious,172.16.189.4,192.168.195.190
1090,ICMP,Cloud Sync,Normal,172.16.17.162,192.168.67.101
1402,ICMP,Heartbeat Packet,Malicious,172.16.13.24,192.168.50.202
589,UDP,ARP Spoofing,Normal,172.16.119.244,192.168.218.86
1162,UDP,Data Exfiltration,Normal,172.16.45.219,192.168.192.232
392,TCP,Botnet Traffic,Normal,172.16.101.9,192.168.195.44
632,ICMP,Database Query,Normal,172.16.82.109,192.168.181.154
556,TCP,API Request,Normal,172.16.102.28,192.168.127.56
382,TCP,Heartbeat Packet,Normal,172.16.73.104,192.168.86.6
970,UDP,Web Request,Malicious,172.16.124.203,192.168.207.24
1111,ICMP,Data Exfiltration,Normal,172.16.191.36,192.168.219.160
138,ICMP,Malware Command,Malicious,172.16.44.168,192.168.57.148
991,TCP,SQL Injection,Malicious,172.16.221.64,192.168.43.131
1301,ICMP,Port Scan,Malicious,172.16.232.145,192.168.254.149
815,ICMP,ARP Spoofing,Normal,172.16.115.233,192.168.31.20
848,ICMP,VPN Tunnel,Normal,172.16.188.47,192.168.126.36
160,ICMP,Brute Force Login,Malicious,172.16.170.230,192.168.99.83
880,TCP,File Transfer,Malicious,172.16.36.9,192.168.248.109
1283,ICMP,VPN Tunnel,Normal,172.16.51.54,192.168.116.166
1179,UDP,Port Scan,Normal,172.16.20.61,192.168.214.206
1283,UDP,API Request,Normal,172.16.189.189,192.168.56.117
910,ICMP,Web Request,Normal,172.16.14.110,192.168.214.53
496,ICMP,Cloud Sync,Malicious,172.16.162.241,192.168.239.52
1310,ICMP,Unauthorized Access,Malicious,172.16.169.188,192.168.1.25
389,TCP,Data Exfiltration,Malicious,172.16.4.7,192.168.187.40
1193,TCP,Botnet Traffic,Malicious,172.16.206.232,192.168.27.254
1176,ICMP,Database Query,Malicious,172.16.21.206,192.168.74.28
916,UDP,Email Transmission,Malicious,172.16.183.101,192.168.163.200
1149,TCP,Botnet Traffic,Malicious,172.16.55.72,192.168.186.35
99,UDP,Database Query,Normal,172.16.96.14,192.168.99.131
948,ICMP,Database Query,Normal,172.16.109.232,192.168.167.206
735,TCP,Port Scan,Normal,172.16.93.224,192.168.70.243
1488,TCP,File Transfer,Normal,172.16.96.19,192.168.95.67
118,TCP,VPN Tunnel,Normal,172.16.210.62,192.168.130.190
552,ICMP,Heartbeat Packet,Normal,172.16.13.158,192.168.167.124
1066,TCP,Port Scan,Normal,172.16.159.95,192.168.132.197
560,TCP,Cloud Sync,Normal,172.16.115.50,192.168.217.98
474,UDP,Brute Force Login,Normal,172.16.163.125,192.168.157.167
780,UDP,DNS Query,Normal,172.16.216.88,192.168.233.48
521,TCP,SQL Injection,Normal,172.16.185.247,192.168.134.90
643,ICMP,Botnet Traffic,Normal,172.16.9.96,192.168.137.157
235,TCP,Email Transmission,Normal,172.16.240.33,192.168.186.73
750,ICMP,Suspicious Payload,Normal,172.16.56.99,192.168.196.189
293,TCP,VPN Tunnel,Normal,172.16.195.27,192.168.52.131
478,UDP,Data Exfiltration,Normal,172.16.165.30,192.168.216.253
611,ICMP,Brute Force Login,Normal,172.16.162.48,192.168.47.247
665,TCP,ARP Spoofing,Normal,172.16.191.2,192.168.127.11
1341,UDP,DNS Query,Malicious,172.16.16.166,192.168.75.34
1038,UDP,SQL Injection,Malicious,172.16.75.35,192.168.32.106
557,TCP,Heartbeat Packet,Malicious,172.16.69.202,192.168.48.190
186,ICMP,Cloud Sync,Malicious,172.16.101.253,192.168.171.174
990,TCP,Malware Command,Normal,172.16.216.219,192.168.218.204
263,UDP,Email Transmission,Normal,172.16.1.62,192.168.179.195
1075,UDP,Brute Force Login,Normal,172.16.74.15,192.168.171.22
376,UDP,Data Exfiltration,Normal,172.16.53.167,192.168.121.97
924,UDP,Heartbeat Packet,Normal,172.16.145.215,192.168.192.201
1247,UDP,DNS Query,Normal,172.16.33.110,192.168.143.95
1464,UDP,DNS Query,Normal,172.16.96.189,192.168.139.108
1230,ICMP,Heartbeat Packet,Malicious,172.16.168.127,192.168.71.46
369,TCP,Botnet Traffic,Malicious,172.16.47.136,192.168.205.181
583,UDP,Web Request,Malicious,172.16.22.171,192.168.3.88
1389,TCP,Database Query,Malicious,172.16.232.12,192.168.109.26
178,ICMP,ARP Spoofing,Malicious,172.16.30.9,192.168.25.60
869,ICMP,Botnet Traffic,Malicious,172.16.134.58,192.168.199.21
307,TCP,Database Query,Normal,172.16.247.153,192.168.219.137
175,ICMP,Botnet Traffic,Malicious,172.16.11.22,192.168.138.125
1394,ICMP,Database Query,Normal,172.16.221.193,192.168.114.229
400,ICMP,Cloud Sync,Malicious,172.16.139.193,192.168.212.162
556,UDP,DDoS SYN Flood,Normal,172.16.192.196,192.168.191.197
341,TCP,VPN Tunnel,Normal,172.16.48.140,192.168.230.10
539,TCP,Port Scan,Normal,172.16.128.204,192.168.146.4
1039,ICMP,ARP Spoofing,Malicious,172.16.145.217,192.168.95.123
981,ICMP,File Transfer,Malicious,172.16.229.89,192.168.40.17
1019,ICMP,VPN Tunnel,Malicious,172.16.159.15,192.168.10.162
241,TCP,Botnet Traffic,Normal,172.16.77.191,192.168.208.97
1488,UDP,User Login,Malicious,172.16.136.213,192.168.115.47
1028,ICMP,Heartbeat Packet,Normal,172.16.104.42,192.168.190.223
1213,TCP,Heartbeat Packet,Malicious,172.16.178.233,192.168.188.209
613,ICMP,SQL Injection,Normal,172.16.238.198,192.168.87.111
529,UDP,Email Transmission,Normal,172.16.43.45,192.168.222.15
394,TCP,Malware Command,Malicious,172.16.13.56,192.168.252.236
1175,TCP,DDoS SYN Flood,Malicious,172.16.104.101,192.168.4.235
701,UDP,API Request,Malicious,172.16.253.214,192.168.143.138
1422,UDP,Botnet Traffic,Normal,172.16.213.169,192.168.117.137
1469,TCP,User Login,Malicious,172.16.18.234,192.168.54.149
909,ICMP,Database Query,Normal,172.16.79.106,192.168.67.172
1390,UDP,Botnet Traffic,Malicious,172.16.183.152,192.168.201.66
1138,ICMP,SQL Injection,Normal,172.16.208.125,192.168.26.184
293,ICMP,DNS Query,Malicious,172.16.13.175,192.168.20.173
1184,UDP,DNS Query,Malicious,172.16.34.173,192.168.25.71
746,TCP,SQL Injection,Malicious,172.16.189.164,192.168.223.2
1187,TCP,DNS Query,Normal,172.16.65.114,192.168.191.50
219,UDP,Malware Command,Malicious,172.16.94.143,192.168.190.172
1228,ICMP,File Transfer,Normal,172.16.53.56,192.168.107.123
759,ICMP,VPN Tunnel,Normal,172.16.3.52,192.168.226.138
1321,UDP,SQL Injection,Malicious,172.16.28.227,192.168.207.2
1247,ICMP,Suspicious Payload,Malicious,172.16.143.97,192.168.171.17
265,ICMP,API Request,Malicious,172.16.243.249,192.168.217.168
1489,ICMP,Port Scan,Normal,172.16.160.199,192.168.90.207
1224,UDP,Botnet Traffic,Malicious,172.16.229.116,192.168.248.42
219,TCP,Heartbeat Packet,Malicious,172.16.214.167,192.168.38.153
694,UDP,Cloud Sync,Malicious,172.16.91.231,192.168.112.32
913,TCP,API Request,Malicious,172.16.60.136,192.168.24.116
915,TCP,API Request,Malicious,172.16.154.145,192.168.10.236
392,TCP,API Request,Malicious,172.16.33.20,192.168.252.244
623,TCP,Data Exfiltration,Malicious,172.16.232.6,192.168.177.213
759,TCP,Heartbeat Packet,Malicious,172.16.78.180,192.168.161.13
123,TCP,API Request,Malicious,172.16.146.170,192.168.226.159
184,UDP,Email Transmission,Normal,172.16.224.82,192.168.223.226
572,ICMP,VPN Tunnel,Normal,172.16.217.98,192.168.29.171
1457,ICMP,ARP Spoofing,Malicious,172.16.77.218,192.168.245.36
1012,TCP,DNS Query,Normal,172.16.148.86,192.168.29.49
1100,TCP,DDoS SYN Flood,Normal,172.16.188.170,192.168.188.13
1281,TCP,Suspicious Payload,Malicious,172.16.35.156,192.168.215.89
718,TCP,Port Scan,Malicious,172.16.103.15,192.168.166.61
435,UDP,Brute Force Login,Malicious,172.16.78.232,192.168.149.114
336,ICMP,Database Query,Normal,172.16.69.129,192.168.206.209
683,UDP,Brute Force Login,Malicious,172.16.121.98,192.168.93.105
1261,ICMP,Data Exfiltration,Normal,172.16.60.126,192.168.47.241
1474,ICMP,Cloud Sync,Normal,172.16.121.169,192.168.246.2
1346,UDP,ARP Spoofing,Malicious,172.16.248.150,192.168.87.74
238,ICMP,Malware Command,Malicious,172.16.152.152,192.168.248.57
118,ICMP,Email Transmission,Normal,172.16.67.94,192.168.207.126
1433,ICMP,File Transfer,Malicious,172.16.205.184,192.168.145.219
978,ICMP,Web Request,Malicious,172.16.156.94,192.168.24.170
1140,ICMP,Botnet Traffic,Malicious,172.16.137.65,192.168.11.157
505,ICMP,Cloud Sync,Malicious,172.16.18.165,192.168.102.96
545,TCP,SQL Injection,Malicious,172.16.232.77,192.168.16.166
322,TCP,Brute Force Login,Malicious,172.16.118.247,192.168.49.153
235,ICMP,File Transfer,Normal,172.16.65.176,192.168.68.83
723,UDP,User Login,Normal,172.16.30.59,192.168.235.153
796,UDP,DNS Query,Malicious,172.16.61.83,192.168.109.106
401,UDP,Database Query,Normal,172.16.121.152,192.168.202.93
1281,TCP,Port Scan,Malicious,172.16.185.49,192.168.169.237
101,TCP,Cloud Sync,Malicious,172.16.27.106,192.168.253.158
1316,TCP,Web Request,Normal,172.16.200.162,192.168.4.173
1109,UDP,Cloud Sync,Normal,172.16.59.136,192.168.214.117
560,UDP,ARP Spoofing,Normal,172.16.42.231,192.168.250.8
406,UDP,Heartbeat Packet,Malicious,172.16.76.106,192.168.57.101
1069,ICMP,Web Request,Normal,172.16.152.39,192.168.241.81
1085,ICMP,Unauthorized Access,Malicious,172.16.158.46,192.168.244.238
1492,UDP,Database Query,Normal,172.16.224.151,192.168.200.118
495,TCP,ARP Spoofing,Malicious,172.16.190.138,192.168.165.163
828,UDP,Data Exfiltration,Normal,172.16.23.131,192.168.131.68
1111,UDP,Database Query,Normal,172.16.61.227,192.168.181.134
1487,UDP,ARP Spoofing,Normal,172.16.244.157,192.168.63.92
809,TCP,Suspicious Payload,Normal,172.16.83.164,192.168.52.167
822,ICMP,File Transfer,Normal,172.16.127.244,192.168.117.130
912,TCP,Suspicious Payload,Normal,172.16.208.55,192.168.143.55
1017,UDP,Data Exfiltration,Malicious,172.16.9.179,192.168.23.57
658,TCP,SQL Injection,Malicious,172.16.101.150,192.168.7.155
561,TCP,Cloud Sync,Malicious,172.16.207.34,192.168.213.74
1424,TCP,Unauthorized Access,Normal,172.16.230.189,192.168.35.1
1124,TCP,ARP Spoofing,Malicious,172.16.99.60,192.168.16.29
424,TCP,DDoS SYN Flood,Normal,172.16.131.15,192.168.138.15
839,TCP,Data Exfiltration,Normal,172.16.56.182,192.168.48.156
1237,TCP,Brute Force Login,Malicious,172.16.52.73,192.168.235.183
240,TCP,User Login,Malicious,172.16.237.200,192.168.41.202
881,ICMP,Web Request,Normal,172.16.152.81,192.168.90.8
372,TCP,ARP Spoofing,Normal,172.16.185.56,192.168.25.195
600,TCP,Database Query,Malicious,172.16.243.68,192.168.45.144
1004,UDP,Malware Command,Normal,172.16.1.6,192.168.90.59
1285,ICMP,Email Transmission,Malicious,172.16.20.11,192.168.42.77
1429,ICMP,Database Query,Malicious,172.16.212.182,192.168.194.3
383,UDP,Database Query,Malicious,172.16.2.176,192.168.65.38
828,UDP,Port Scan,Malicious,172.16.153.176,192.168.65.25
828,TCP,Unauthorized Access,Normal,172.16.204.8,192.168.119.8
546,UDP,SQL Injection,Normal,172.16.250.234,192.168.124.6
942,ICMP,Port Scan,Malicious,172.16.37.221,192.168.231.3
909,TCP,Database Query,Normal,172.16.157.11,192.168.179.184
1174,ICMP,File Transfer,Malicious,172.16.88.35,192.168.9.1
554,UDP,DDoS SYN Flood,Normal,172.16.3.172,192.168.115.28
174,TCP,API Request,Malicious,172.16.24.204,192.168.61.162
1365,ICMP,DNS Query,Normal,172.16.122.196,192.168.200.47
610,ICMP,Unauthorized Access,Malicious,172.16.140.253,192.168.87.204
600,ICMP,Cloud Sync,Malicious,172.16.89.47,192.168.190.108
552,ICMP,Data Exfiltration,Malicious,172.16.182.82,192.168.183.8
222,TCP,Email Transmission,Malicious,172.16.40.216,192.168.101.112
300,ICMP,Database Query,Normal,172.16.238.24,192.168.195.122
324,ICMP,DDoS SYN Flood,Normal,172.16.213.80,192.168.245.143
337,TCP,ARP Spoofing,Malicious,172.16.244.184,192.168.215.252
649,TCP,DNS Query,Normal,172.16.81.218,192.168.215.218
737,ICMP,Cloud Sync,Normal,172.16.84.112,192.168.105.4
912,ICMP,Port Scan,Normal,172.16.156.203,192.168.6.136
549,TCP,Suspicious Payload,Normal,172.16.172.227,192.168.55.197
999,UDP,SQL Injection,Normal,172.16.42.106,192.168.203.222
499,UDP,DDoS SYN Flood,Normal,172.16.165.71,192.168.52.151
1418,TCP,Cloud Sync,Normal,172.16.173.105,192.168.143.89
1043,ICMP,Malware Command,Normal,172.16.62.150,192.168.137.23
571,TCP,DNS Query,Normal,172.16.177.208,192.168.13.151
987,ICMP,VPN Tunnel,Malicious,172.16.90.170,192.168.6.244
280,TCP,API Request,Malicious,172.16.116.187,192.168.60.63
59,UDP,Malware Command,Malicious,172.16.130.134,192.168.186.254
1462,ICMP,Cloud Sync,Malicious,172.16.41.69,192.168.198.185
756,ICMP,DDoS SYN Flood,Malicious,172.16.69.235,192.168.197.73
321,TCP,Suspicious Payload,Normal,172.16.224.192,192.168.111.237
129,ICMP,Suspicious Payload,Malicious,172.16.241.89,192.168.67.246
662,TCP,DDoS SYN Flood,Normal,172.16.43.32,192.168.79.47
774,TCP,Port Scan,Malicious,172.16.68.8,192.168.139.8
368,UDP,File Transfer,Normal,172.16.247.187,192.168.38.42
888,ICMP,Malware Command,Normal,172.16.158.144,192.168.244.215
1084,ICMP,ARP Spoofing,Malicious,172.16.27.195,192.168.88.104
1136,ICMP,User Login,Malicious,172.16.25.179,192.168.226.176
911,ICMP,Port Scan,Normal,172.16.233.232,192.168.83.136
756,TCP,Data Exfiltration,Normal,172.16.222.114,192.168.11.56
923,ICMP,Email Transmission,Normal,172.16.8.145,192.168.18.33
881,UDP,Malware Command,Malicious,172.16.119.72,192.168.199.33
1069,ICMP,Cloud Sync,Malicious,172.16.170.152,192.168.106.117
611,UDP,Port Scan,Malicious,172.16.60.133,192.168.26.103
352,ICMP,Heartbeat Packet,Malicious,172.16.189.213,192.168.172.155
510,TCP,Malware Command,Normal,172.16.95.43,192.168.24.53
495,ICMP,API Request,Malicious,172.16.217.56,192.168.125.203
1436,UDP,Brute Force Login,Malicious,172.16.7.20,192.168.249.134
661,UDP,Botnet Traffic,Malicious,172.16.83.78,192.168.161.243
433,ICMP,Suspicious Payload,Malicious,172.16.86.120,192.168.15.110
711,TCP,VPN Tunnel,Normal,172.16.45.73,192.168.115.19
870,ICMP,ARP Spoofing,Malicious,172.16.189.87,192.168.42.54
1428,TCP,Cloud Sync,Normal,172.16.133.150,192.168.235.135
1302,UDP,SQL Injection,Normal,172.16.14.203,192.168.56.205
1163,TCP,Unauthorized Access,Malicious,172.16.50.84,192.168.130.234
988,TCP,Database Query,Normal,172.16.46.236,192.168.35.109
900,TCP,Heartbeat Packet,Normal,172.16.101.186,192.168.18.125
394,UDP,Port Scan,Normal,172.16.184.61,192.168.199.224
151,TCP,ARP Spoofing,Malicious,172.16.72.180,192.168.73.201
162,ICMP,File Transfer,Malicious,172.16.240.144,192.168.5.90
150,ICMP,Suspicious Payload,Malicious,172.16.21.221,192.168.30.163
1156,ICMP,User Login,Normal,172.16.212.250,192.168.220.211
1243,UDP,Brute Force Login,Normal,172.16.29.81,192.168.118.118
528,TCP,Unauthorized Access,Malicious,172.16.85.7,192.168.57.179
124,UDP,Suspicious Payload,Malicious,172.16.10.206,192.168.192.71
756,ICMP,VPN Tunnel,Normal,172.16.174.178,192.168.179.103
782,TCP,User Login,Normal,172.16.54.217,192.168.12.155
1093,ICMP,Malware Command,Malicious,172.16.232.214,192.168.196.13
1085,UDP,File Transfer,Malicious,172.16.7.4,192.168.151.25
1244,ICMP,Heartbeat Packet,Normal,172.16.19.232,192.168.134.217
886,TCP,File Transfer,Malicious,172.16.80.204,192.168.246.170
1028,UDP,SQL Injection,Malicious,172.16.15.42,192.168.185.160
1299,TCP,File Transfer,Malicious,172.16.36.130,192.168.5.126
185,UDP,Email Transmission,Normal,172.16.200.182,192.168.46.76
1285,TCP,Brute Force Login,Normal,172.16.134.157,192.168.134.107
957,ICMP,API Request,Malicious,172.16.254.226,192.168.66.13
919,UDP,Data Exfiltration,Normal,172.16.137.147,192.168.254.71
622,ICMP,Unauthorized Access,Malicious,172.16.72.198,192.168.148.138
181,UDP,SQL Injection,Normal,172.16.232.185,192.168.100.235
1101,TCP,Email Transmission,Normal,172.16.47.202,192.168.104.225
1339,UDP,Heartbeat Packet,Normal,172.16.8.35,192.168.203.4
996,ICMP,Web Request,Normal,172.16.163.100,192.168.97.119
787,UDP,Unauthorized Access,Malicious,172.16.166.47,192.168.176.94
1000,TCP,User Login,Normal,172.16.1.192,192.168.156.243
1461,ICMP,Suspicious Payload,Normal,172.16.139.42,192.168.28.239
755,TCP,DNS Query,Normal,172.16.96.15,192.168.133.160
275,ICMP,Malware Command,Normal,172.16.113.209,192.168.167.154
903,ICMP,Malware Command,Malicious,172.16.112.251,192.168.173.13
862,UDP,Heartbeat Packet,Malicious,172.16.195.72,192.168.240.225
804,ICMP,VPN Tunnel,Malicious,172.16.171.106,192.168.172.61
937,TCP,Suspicious Payload,Malicious,172.16.127.66,192.168.102.133
702,TCP,File Transfer,Normal,172.16.62.115,192.168.109.83
1265,UDP,SQL Injection,Malicious,172.16.185.142,192.168.27.96
1138,TCP,DNS Query,Malicious,172.16.119.80,192.168.104.140
1249,UDP,SQL Injection,Normal,172.16.173.55,192.168.216.36
1432,TCP,Suspicious Payload,Malicious,172.16.83.62,192.168.181.116
1083,ICMP,Brute Force Login,Normal,172.16.215.7,192.168.104.39
902,UDP,ARP Spoofing,Malicious,172.16.215.47,192.168.164.6
1149,UDP,Data Exfiltration,Normal,172.16.64.237,192.168.219.57
1069,TCP,Suspicious Payload,Malicious,172.16.170.28,192.168.160.144
864,TCP,Botnet Traffic,Normal,172.16.26.206,192.168.191.122
877,ICMP,File Transfer,Normal,172.16.211.240,192.168.63.135
1471,UDP,SQL Injection,Normal,172.16.68.165,192.168.88.191
1144,UDP,Botnet Traffic,Malicious,172.16.240.218,192.168.9.39
301,TCP,Botnet Traffic,Normal,172.16.172.129,192.168.142.39
975,UDP,File Transfer,Normal,172.16.235.77,192.168.16.123
722,ICMP,Brute Force Login,Normal,172.16.98.208,192.168.166.118
675,TCP,Email Transmission,Malicious,172.16.137.56,192.168.153.239
550,TCP,Port Scan,Normal,172.16.64.170,192.168.128.134
577,TCP,Cloud Sync,Malicious,172.16.32.147,192.168.164.161
523,TCP,DDoS SYN Flood,Normal,172.16.226.77,192.168.21.239
880,UDP,ARP Spoofing,Malicious,172.16.115.150,192.168.203.150
454,ICMP,User Login,Malicious,172.16.27.18,192.168.85.244
928,UDP,Database Query,Normal,172.16.160.42,192.168.148.65
1110,TCP,Heartbeat Packet,Normal,172.16.134.185,192.168.82.40
595,UDP,DDoS SYN Flood,Malicious,172.16.116.170,192.168.181.225
734,TCP,VPN Tunnel,Normal,172.16.227.133,192.168.143.177
479,TCP,Suspicious Payload,Malicious,172.16.90.182,192.168.102.34
1398,UDP,Data Exfiltration,Malicious,172.16.228.250,192.168.106.196
619,TCP,DDoS SYN Flood,Normal,172.16.33.127,192.168.103.248
459,TCP,File Transfer,Malicious,172.16.244.55,192.168.179.215
1213,ICMP,Botnet Traffic,Normal,172.16.248.192,192.168.37.21
376,ICMP,Data Exfiltration,Normal,172.16.252.35,192.168.252.49
1147,ICMP,Web Request,Malicious,172.16.187.105,192.168.226.254
71,UDP,API Request,Normal,172.16.41.64,192.168.116.87
688,UDP,ARP Spoofing,Malicious,172.16.85.86,192.168.189.150
133,TCP,User Login,Normal,172.16.147.162,192.168.111.116
1208,UDP,SQL Injection,Malicious,172.16.247.75,192.168.2.4
118,ICMP,SQL Injection,Normal,172.16.156.185,192.168.174.133
860,TCP,User Login,Normal,172.16.154.10,192.168.219.248
847,TCP,Heartbeat Packet,Normal,172.16.74.198,192.168.66.158
533,ICMP,File Transfer,Normal,172.16.232.83,192.168.222.242
576,TCP,DNS Query,Malicious,172.16.58.88,192.168.188.242
354,ICMP,ARP Spoofing,Malicious,172.16.38.97,192.168.176.99
1066,UDP,Suspicious Payload,Normal,172.16.54.225,192.168.6.57
1232,UDP,Cloud Sync,Malicious,172.16.143.139,192.168.139.20
447,TCP,Brute Force Login,Malicious,172.16.107.131,192.168.181.57
961,ICMP,Database Query,Normal,172.16.16.189,192.168.77.177
214,UDP,File Transfer,Normal,172.16.84.86,192.168.137.102
1329,UDP,ARP Spoofing,Malicious,172.16.207.171,192.168.203.150
1074,UDP,VPN Tunnel,Normal,172.16.176.167,192.168.227.184
348,UDP,SQL Injection,Malicious,172.16.219.70,192.168.122.72
451,UDP,Brute Force Login,Malicious,172.16.114.202,192.168.107.34
1027,ICMP,Port Scan,Malicious,172.16.98.29,192.168.66.18
1356,UDP,VPN Tunnel,Normal,172.16.90.117,192.168.146.149
832,UDP,Web Request,Normal,172.16.130.186,192.168.117.105
1408,UDP,Malware Command,Malicious,172.16.241.154,192.168.99.249
92,TCP,Data Exfiltration,Normal,172.16.115.9,192.168.96.14
545,ICMP,Brute Force Login,Malicious,172.16.77.13,192.168.5.116
416,UDP,Port Scan,Malicious,172.16.176.179,192.168.164.96
1367,ICMP,Data Exfiltration,Normal,172.16.55.132,192.168.122.59
1427,TCP,Unauthorized Access,Normal,172.16.168.135,192.168.121.118
1232,ICMP,Port Scan,Malicious,172.16.144.234,192.168.56.55
911,ICMP,ARP Spoofing,Normal,172.16.99.104,192.168.64.157
1271,TCP,DDoS SYN Flood,Malicious,172.16.138.82,192.168.53.40
846,ICMP,SQL Injection,Normal,172.16.4.118,192.168.234.35
520,TCP,File Transfer,Malicious,172.16.85.36,192.168.178.191
1385,UDP,DNS Query,Malicious,172.16.160.154,192.168.225.80
224,ICMP,Port Scan,Malicious,172.16.92.119,192.168.75.202
192,TCP,Email Transmission,Malicious,172.16.107.16,192.168.253.110
232,TCP,Botnet Traffic,Malicious,172.16.75.93,192.168.40.107
1461,TCP,SQL Injection,Normal,172.16.170.59,192.168.215.24
531,TCP,VPN Tunnel,Malicious,172.16.224.228,192.168.232.63
1168,TCP,File Transfer,Normal,172.16.84.252,192.168.130.8
665,UDP,Botnet Traffic,Normal,172.16.29.4,192.168.121.185
1442,TCP,Brute Force Login,Malicious,172.16.116.230,192.168.35.45
1178,ICMP,Botnet Traffic,Malicious,172.16.167.192,192.168.229.232
1282,UDP,Database Query,Malicious,172.16.44.80,192.168.112.199
346,TCP,DDoS SYN Flood,Malicious,172.16.234.241,192.168.175.237
512,TCP,Unauthorized Access,Normal,172.16.44.244,192.168.84.231
1145,UDP,Suspicious Payload,Normal,172.16.131.171,192.168.22.188
1156,ICMP,File Transfer,Malicious,172.16.62.240,192.168.30.101
1367,ICMP,Database Query,Normal,172.16.133.137,192.168.140.228
266,TCP,Data Exfiltration,Normal,172.16.12.112,192.168.156.23
156,UDP,Suspicious Payload,Malicious,172.16.221.63,192.168.43.210
303,TCP,User Login,Malicious,172.16.135.249,192.168.142.134
295,ICMP,Unauthorized Access,Malicious,172.16.197.143,192.168.152.98
1274,UDP,Heartbeat Packet,Normal,172.16.217.225,192.168.45.64
1348,TCP,Heartbeat Packet,Normal,172.16.17.116,192.168.94.210
1243,TCP,ARP Spoofing,Normal,172.16.151.65,192.168.146.170
359,ICMP,Port Scan,Malicious,172.16.112.160,192.168.117.163
1337,ICMP,Email Transmission,Malicious,172.16.23.251,192.168.152.225
1055,UDP,Database Query,Malicious,172.16.97.203,192.168.182.220
1229,TCP,Database Query,Malicious,172.16.188.254,192.168.245.40
681,ICMP,Unauthorized Access,Malicious,172.16.69.176,192.168.73.60
64,UDP,ARP Spoofing,Malicious,172.16.175.13,192.168.148.172
1157,TCP,Brute Force Login,Normal,172.16.231.240,192.168.129.35
69,ICMP,SQL Injection,Malicious,172.16.18.35,192.168.188.140
1317,TCP,User Login,Normal,172.16.1.147,192.168.198.195
514,TCP,Botnet Traffic,Normal,172.16.161.235,192.168.67.220
209,ICMP,Database Query,Normal,172.16.64.62,192.168.35.76
802,UDP,Email Transmission,Malicious,172.16.171.110,192.168.69.100
592,ICMP,Brute Force Login,Normal,172.16.88.184,192.168.57.143
964,UDP,Heartbeat Packet,Normal,172.16.27.136,192.168.58.65
72,ICMP,Database Query,Normal,172.16.224.156,192.168.174.113
732,UDP,Data Exfiltration,Malicious,172.16.245.81,192.168.179.195
459,ICMP,Brute Force Login,Normal,172.16.74.185,192.168.245.201
101,ICMP,DDoS SYN Flood,Normal,172.16.174.217,192.168.20.190
1309,ICMP,Botnet Traffic,Malicious,172.16.74.211,192.168.124.132
1035,ICMP,DDoS SYN Flood,Normal,172.16.154.25,192.168.99.89
730,UDP,DDoS SYN Flood,Malicious,172.16.213.62,192.168.142.237
1067,ICMP,SQL Injection,Malicious,172.16.187.183,192.168.134.118
1074,ICMP,User Login,Normal,172.16.169.17,192.168.194.107
904,ICMP,Heartbeat Packet,Malicious,172.16.8.166,192.168.85.243
611,UDP,File Transfer,Malicious,172.16.104.124,192.168.51.242
425,UDP,Data Exfiltration,Normal,172.16.113.235,192.168.112.110
323,UDP,API Request,Malicious,172.16.209.206,192.168.12.90
842,UDP,Data Exfiltration,Malicious,172.16.159.37,192.168.86.68
133,UDP,User Login,Malicious,172.16.65.19,192.168.67.110
135,UDP,API Request,Malicious,172.16.181.224,192.168.102.85
1082,TCP,VPN Tunnel,Malicious,172.16.16.41,192.168.110.187
400,TCP,Email Transmission,Normal,172.16.19.100,192.168.198.57
640,ICMP,File Transfer,Normal,172.16.150.126,192.168.11.19
518,TCP,Database Query,Malicious,172.16.121.5,192.168.54.67
1382,UDP,DDoS SYN Flood,Malicious,172.16.62.72,192.168.236.160
201,ICMP,Brute Force Login,Malicious,172.16.240.45,192.168.189.86
75,ICMP,DDoS SYN Flood,Normal,172.16.37.150,192.168.206.45
1191,ICMP,Email Transmission,Malicious,172.16.80.158,192.168.169.198
790,ICMP,Database Query,Malicious,172.16.94.145,192.168.205.187
536,TCP,Botnet Traffic,Normal,172.16.232.178,192.168.150.181
843,ICMP,Email Transmission,Normal,172.16.39.11,192.168.208.79
234,ICMP,Botnet Traffic,Normal,172.16.41.202,192.168.137.74
1114,ICMP,SQL Injection,Malicious,172.16.2.207,192.168.3.220
1498,TCP,DDoS SYN Flood,Malicious,172.16.111.189,192.168.211.176
884,TCP,VPN Tunnel,Normal,172.16.27.188,192.168.65.129
1406,ICMP,DNS Query,Normal,172.16.246.190,192.168.181.109
1332,UDP,Brute Force Login,Normal,172.16.24.74,192.168.27.26
1254,ICMP,Brute Force Login,Normal,172.16.242.3,192.168.97.167
1210,ICMP,Web Request,Normal,172.16.126.148,192.168.52.31
1170,UDP,User Login,Normal,172.16.14.118,192.168.153.32
219,TCP,Heartbeat Packet,Normal,172.16.13.137,192.168.168.55
1096,TCP,Database Query,Normal,172.16.169.26,192.168.239.151
1459,ICMP,ARP Spoofing,Malicious,172.16.133.185,192.168.110.132
143,ICMP,Port Scan,Normal,172.16.59.155,192.168.126.16
1149,ICMP,API Request,Normal,172.16.252.102,192.168.30.138
939,UDP,Botnet Traffic,Malicious,172.16.27.73,192.168.251.24
1313,ICMP,Unauthorized Access,Normal,172.16.13.53,192.168.118.206
164,ICMP,Heartbeat Packet,Malicious,172.16.224.122,192.168.85.29
759,ICMP,File Transfer,Normal,172.16.202.245,192.168.142.120
872,TCP,Data Exfiltration,Normal,172.16.14.161,192.168.154.51
968,ICMP,Port Scan,Normal,172.16.199.19,192.168.172.206
1319,TCP,Suspicious Payload,Malicious,172.16.80.58,192.168.246.27
447,UDP,ARP Spoofing,Malicious,172.16.54.152,192.168.101.163
121,ICMP,Email Transmission,Normal,172.16.37.234,192.168.136.193
798,TCP,Malware Command,Malicious,172.16.26.251,192.168.19.4
328,UDP,Port Scan,Malicious,172.16.56.184,192.168.25.115
909,ICMP,File Transfer,Normal,172.16.181.203,192.168.23.240
1479,UDP,Cloud Sync,Normal,172.16.216.178,192.168.193.10
618,TCP,Cloud Sync,Malicious,172.16.55.114,192.168.49.61
1080,UDP,File Transfer,Normal,172.16.28.2,192.168.245.34
918,TCP,Email Transmission,Normal,172.16.9.111,192.168.165.59
1048,TCP,User Login,Malicious,172.16.66.241,192.168.229.4
203,ICMP,User Login,Normal,172.16.185.142,192.168.110.221
1248,ICMP,Malware Command,Malicious,172.16.125.5,192.168.37.7
1497,UDP,API Request,Malicious,172.16.254.176,192.168.54.168
1309,ICMP,User Login,Malicious,172.16.140.143,192.168.144.173
556,ICMP,User Login,Normal,172.16.94.37,192.168.111.219
1253,TCP,File Transfer,Normal,172.16.55.43,192.168.240.171
645,ICMP,Email Transmission,Malicious,172.16.187.84,192.168.136.68
1319,TCP,ARP Spoofing,Normal,172.16.212.251,192.168.242.239
959,ICMP,Database Query,Normal,172.16.81.35,192.168.143.66
1053,ICMP,SQL Injection,Malicious,172.16.99.107,192.168.51.145
353,TCP,Data Exfiltration,Malicious,172.16.10.195,192.168.122.106
922,TCP,Email Transmission,Malicious,172.16.231.32,192.168.186.4
1325,UDP,API Request,Normal,172.16.241.228,192.168.27.107
152,UDP,Database Query,Malicious,172.16.137.34,192.168.244.124
634,ICMP,VPN Tunnel,Normal,172.16.41.39,192.168.32.99
293,ICMP,Botnet Traffic,Malicious,172.16.203.44,192.168.96.246
127,ICMP,DDoS SYN Flood,Malicious,172.16.66.17,192.168.24.140
990,TCP,Botnet Traffic,Malicious,172.16.85.248,192.168.227.218
916,UDP,Cloud Sync,Malicious,172.16.104.148,192.168.82.99
756,UDP,Data Exfiltration,Malicious,172.16.89.203,192.168.156.147
621,UDP,DDoS SYN Flood,Normal,172.16.140.23,192.168.196.191
609,ICMP,DNS Query,Normal,172.16.14.27,192.168.8.161
729,UDP,Port Scan,Normal,172.16.120.2,192.168.217.60
407,UDP,SQL Injection,Normal,172.16.59.74,192.168.121.145
236,UDP,Data Exfiltration,Malicious,172.16.78.53,192.168.199.43
778,UDP,Port Scan,Normal,172.16.68.49,192.168.79.200
686,ICMP,Cloud Sync,Normal,172.16.111.223,192.168.24.134
1266,TCP,SQL Injection,Malicious,172.16.51.30,192.168.67.9
1054,UDP,Heartbeat Packet,Malicious,172.16.84.68,192.168.122.80
1072,TCP,File Transfer,Normal,172.16.32.73,192.168.248.196
720,UDP,ARP Spoofing,Malicious,172.16.88.129,192.168.240.209
176,TCP,SQL Injection,Malicious,172.16.123.169,192.168.221.123
918,UDP,DNS Query,Normal,172.16.99.230,192.168.54.38
539,TCP,Botnet Traffic,Malicious,172.16.116.106,192.168.82.8
717,UDP,Heartbeat Packet,Normal,172.16.69.102,192.168.144.142
1316,UDP,SQL Injection,Malicious,172.16.163.56,192.168.17.235
803,ICMP,Port Scan,Malicious,172.16.169.197,192.168.14.13
482,UDP,Database Query,Malicious,172.16.75.240,192.168.193.15
1037,UDP,Unauthorized Access,Normal,172.16.134.246,192.168.210.133
907,ICMP,Unauthorized Access,Normal,172.16.60.53,192.168.46.208
908,TCP,ARP Spoofing,Malicious,172.16.21.151,192.168.42.8
137,UDP,Malware Command,Normal,172.16.198.2,192.168.106.123
1362,TCP,VPN Tunnel,Normal,172.16.251.9,192.168.156.214
735,TCP,Brute Force Login,Malicious,172.16.36.161,192.168.178.203
1423,UDP,Botnet Traffic,Malicious,172.16.6.33,192.168.46.120
1309,ICMP,Web Request,Malicious,172.16.54.8,192.168.3.118
1142,TCP,DDoS SYN Flood,Normal,172.16.87.49,192.168.246.135
744,TCP,Unauthorized Access,Malicious,172.16.3.234,192.168.232.224
953,TCP,Brute Force Login,Malicious,172.16.53.23,192.168.240.167
930,TCP,DDoS SYN Flood,Malicious,172.16.90.47,192.168.215.74
493,TCP,Cloud Sync,Normal,172.16.114.141,192.168.230.177
784,ICMP,Suspicious Payload,Normal,172.16.253.86,192.168.39.94
195,ICMP,Unauthorized Access,Malicious,172.16.48.90,192.168.165.211
199,UDP,Web Request,Normal,172.16.57.88,192.168.158.178
1264,ICMP,Suspicious Payload,Normal,172.16.171.192,192.168.110.128
754,ICMP,VPN Tunnel,Malicious,172.16.16.144,192.168.81.121
1077,TCP,SQL Injection,Malicious,172.16.23.120,192.168.138.38
592,TCP,File Transfer,Normal,172.16.252.2,192.168.202.214
673,ICMP,Unauthorized Access,Normal,172.16.156.88,192.168.188.88
152,ICMP,Heartbeat Packet,Normal,172.16.161.4,192.168.198.55
120,UDP,VPN Tunnel,Normal,172.16.186.148,192.168.143.86
124,ICMP,Botnet Traffic,Malicious,172.16.238.49,192.168.164.198
1231,ICMP,Web Request,Normal,172.16.94.195,192.168.203.237
86,TCP,DNS Query,Normal,172.16.224.194,192.168.110.128
217,TCP,User Login,Normal,172.16.135.48,192.168.25.111
1060,ICMP,API Request,Malicious,172.16.92.113,192.168.66.43
1293,TCP,DNS Query,Malicious,172.16.95.243,192.168.43.227
1059,TCP,Email Transmission,Normal,172.16.249.79,192.168.254.197
141,ICMP,User Login,Malicious,172.16.74.242,192.168.105.24
359,UDP,Malware Command,Malicious,172.16.134.203,192.168.232.205
185,TCP,Suspicious Payload,Malicious,172.16.114.42,192.168.184.245
908,ICMP,Email Transmission,Malicious,172.16.39.123,192.168.174.18
718,UDP,ARP Spoofing,Malicious,172.16.150.142,192.168.8.69
1275,UDP,Brute Force Login,Malicious,172.16.146.213,192.168.124.54
60,TCP,Heartbeat Packet,Normal,172.16.48.112,192.168.164.19
638,UDP,Email Transmission,Normal,172.16.209.144,192.168.195.130
211,TCP,DDoS SYN Flood,Malicious,172.16.104.17,192.168.107.42
993,TCP,DDoS SYN Flood,Normal,172.16.51.82,192.168.249.101
439,UDP,Malware Command,Normal,172.16.196.138,192.168.185.17
485,UDP,Unauthorized Access,Normal,172.16.76.98,192.168.28.141
1056,ICMP,Data Exfiltration,Normal,172.16.14.160,192.168.115.63
89,UDP,Brute Force Login,Malicious,172.16.7.189,192.168.243.29
846,TCP,Malware Command,Malicious,172.16.92.44,192.168.200.129
727,UDP,Port Scan,Malicious,172.16.160.171,192.168.173.67
431,ICMP,Heartbeat Packet,Normal,172.16.101.65,192.168.133.83
74,UDP,Cloud Sync,Normal,172.16.131.100,192.168.55.24
1023,TCP,DDoS SYN Flood,Normal,172.16.170.45,192.168.141.3
58,ICMP,API Request,Malicious,172.16.143.65,192.168.158.104
322,UDP,Email Transmission,Malicious,172.16.109.86,192.168.162.78
757,ICMP,Malware Command,Normal,172.16.75.228,192.168.1.248
